source_id,title,url,source_type,retrieved_at,license_note,review_status
SRC_000001,Tham quan Hoàng thành Thăng Long - Điểm mốc lịch sử tại Hà Nội,https://vinpearl.com/vi/hoang-thanh-thang-long-ha-noi,commercial_travel_guide,2026-09-03,Bản quyền thuộc nguồn; chỉ lưu bản tóm tắt chuẩn hóa và URL nguồn,approved
SRC_000002,Hoàng thành Thăng Long: Di sản Văn hóa Thế giới giữa lòng thủ đô,https://www.vietnamairlines.com/be/vi/plan-book/travel/travel-guide/hoang-thanh-thang-long,commercial_travel_guide,2026-09-03,Bản quyền thuộc nguồn; chỉ lưu bản tóm tắt chuẩn hóa và URL nguồn,approved
SRC_000003,Hoàng Thành Thăng Long: Di sản văn hóa chờ phát huy,https://vietnamtourism.gov.vn/post/10166,government_tourism_portal,2026-09-03,Bản quyền thuộc nguồn; chỉ lưu bản tóm tắt chuẩn hóa và URL nguồn,approved
SRC_000004,Khu di tích trung tâm Hoàng thành Thăng Long,https://hoangthanhthanglong.vn/khu-di-tich-trung-tam-hoang-thanh-thang-long/,official_heritage_site,2026-09-03,Bản quyền thuộc nguồn; chỉ lưu bản tóm tắt chuẩn hóa và URL nguồn,approved
SRC_000005,Central Sector of the Imperial Citadel of Thang Long - Hanoi,https://whc.unesco.org/en/list/1328/,official_intergovernmental,2026-09-03,Phần mô tả của UNESCO được công bố theo CC-BY-SA IGO 3.0,approved
SRC_000006,Điện Kính Thiên – Trái tim của Hoàng thành Thăng Long,https://hoangthanhthanglong.vn/dien-kinh-thien/,official_heritage_site,2026-09-03,Bản quyền thuộc nguồn; chỉ lưu bản tóm tắt chuẩn hóa và URL nguồn,approved
SRC_000007,Trưng bày online Lam Kinh - Đông Kinh thời Lê,https://trungbayonline.hoangthanhthanglong.vn/LamKinh,official_heritage_exhibition,2026-09-03,Bản quyền thuộc nguồn; chỉ lưu bản tóm tắt chuẩn hóa và URL nguồn,approved
SRC_000008,Lầu Tĩnh Bắc: một kiến trúc Đạo Giáo quan trọng của vương triều Nguyễn,https://hoangthanhthanglong.vn/lau-tinh-bac-hau-lau/,official_heritage_site,2026-09-03,Bản quyền thuộc nguồn; chỉ lưu bản tóm tắt chuẩn hóa và URL nguồn,approved
SRC_000009,Tầng văn hóa thời Tiền Thăng Long,https://hoangthanhthanglong.vn/tang-van-hoa-thoi-tien-thang-long/,official_heritage_site,2026-09-03,Bản quyền thuộc nguồn; chỉ lưu bản tóm tắt chuẩn hóa và URL nguồn,approved
SRC_000010,Tầng văn hóa Lý – Trần trong khu khảo cổ 18 Hoàng Diệu,https://hoangthanhthanglong.vn/tang-van-hoa-ly-tran-trong-khu-khao-co-18-hoang-dieu/,official_heritage_site,2026-09-03,Bản quyền thuộc nguồn; chỉ lưu bản tóm tắt chuẩn hóa và URL nguồn,approved
SRC_000011,Tầng văn hóa thời Lê trong khu khảo cổ 18 Hoàng Diệu,https://hoangthanhthanglong.vn/tang-van-hoa-thoi-le-trong-khu-khao-co-18-hoang-dieu/,official_heritage_site,2026-09-03,Bản quyền thuộc nguồn; chỉ lưu bản tóm tắt chuẩn hóa và URL nguồn,approved
SRC_000012,Di tích lịch sử cách mạng Nhà D67 trên trục chính tâm của Hoàng thành,https://hoangthanhthanglong.vn/di-tich-lich-su-cach-mang-nha-d67-tren-truc-chinh-tam-cua-hoang-thanh/,official_heritage_site,2026-09-03,Bản quyền thuộc nguồn; chỉ lưu bản tóm tắt chuẩn hóa và URL nguồn,approved
SRC_000013,Chức năng nhiệm vụ của Trung tâm Bảo tồn Di sản Thăng Long – Hà Nội,https://hoangthanhthanglong.vn/chuc-nang-nhiem-vu/,official_heritage_site,2026-09-03,Bản quyền thuộc nguồn; chỉ lưu bản tóm tắt chuẩn hóa và URL nguồn,approved
SRC_000014,Giáo dục di sản ở Hoàng thành Thăng Long,https://hoangthanhthanglong.vn/giao-duc-di-san-o-hoang-thanh-thang-long-dua-khach-nhi-tiep-can-di-san/,official_heritage_site,2026-09-03,Bản quyền thuộc nguồn; chỉ lưu bản tóm tắt chuẩn hóa và URL nguồn,approved
SRC_000015,Tour đêm – Giải mã Hoàng thành Thăng Long,https://hoangthanhthanglong.vn/tour-dem-giai-ma-hoang-thanh-thang-long-2/,official_heritage_site,2026-09-03,Lịch và giá có thể thay đổi; chỉ dùng bằng chứng về loại hoạt động,approved
SRC_000016,Di tích lịch sử và khảo cổ Khu Trung tâm Hoàng thành Thăng Long – Hà Nội,https://sovhtt.hanoi.gov.vn/di-tich-lich-su-va-khao-co-khu-trung-tam-hoang-thanh-thang-long-ha-noi/,municipal_government_portal,2026-09-03,Bản quyền thuộc nguồn; chỉ lưu bản tóm tắt chuẩn hóa và URL nguồn,approved
SRC_000017,Bắc Môn – Chứng nhân lịch sử của kinh thành Thăng Long,https://hoangthanhthanglong.vn/bac-mon-chung-nhan-lich-su-cua-kinh-thanh-thang-long/,official_heritage_site,2026-09-03,Bản quyền thuộc nguồn; chỉ lưu bản tóm tắt chuẩn hóa và URL nguồn,approved
SRC_000018,Thư ngỏ giới thiệu Hoàng thành Thăng Long,https://hoangthanhthanglong.vn/thu-ngo/,official_heritage_site,2026-09-03,Bản quyền thuộc nguồn; chỉ lưu bản tóm tắt chuẩn hóa và URL nguồn,approved
SRC_000019,Nội Tự Văn Miếu - Quốc Tử Giám,https://vanmieu.gov.vn/vi/inner-temple,official_heritage_site,2026-09-03,Bản quyền thuộc nguồn; chỉ lưu bản tóm tắt chuẩn hóa và URL nguồn,approved
SRC_000020,Khuê Văn Các,https://www.vanmieu.gov.vn/vi/visit/architecture/khue-van-pavilion,official_heritage_site,2026-09-03,Bản quyền thuộc nguồn; chỉ lưu bản tóm tắt chuẩn hóa và URL nguồn,approved
SRC_000021,Khu Vườn Bia Tiến Sĩ và Giếng Thiên Quang,https://vanmieu.gov.vn/vi/doctoral-stelae-garden,official_heritage_site,2026-09-03,Bản quyền thuộc nguồn; chỉ lưu bản tóm tắt chuẩn hóa và URL nguồn,approved
SRC_000022,Nhà Thái Học,https://www.vanmieu.gov.vn/vi/visit/architecture/thai-hoc-house,official_heritage_site,2026-09-03,Bản quyền thuộc nguồn; chỉ lưu bản tóm tắt chuẩn hóa và URL nguồn,approved
SRC_000023,Nhà Chuông - Nhà Trống,https://vanmieu.gov.vn/vi/visit/architecture/bell-drum-tower,official_heritage_site,2026-09-03,Bản quyền thuộc nguồn; chỉ lưu bản tóm tắt chuẩn hóa và URL nguồn,approved
SRC_000024,Điện Đại Thành,https://www.vanmieu.gov.vn/vi/visit/architecture/dien-dai-thanh,official_heritage_site,2026-09-03,Bản quyền thuộc nguồn; chỉ lưu bản tóm tắt chuẩn hóa và URL nguồn,approved
SRC_000025,Lịch sử di tích Văn Miếu - Quốc Tử Giám,https://www.vanmieu.gov.vn/vi/introduction/site-history,official_heritage_site,2026-09-03,Bản quyền thuộc nguồn; chỉ lưu bản tóm tắt chuẩn hóa và URL nguồn,approved
SRC_000026,Stone Stele Records of Royal Examinations of the Le and Mac Dynasties (1442-1779),https://www.unesco.org/en/memory-world/stone-stele-records-royal-examinations-le-and-mac-dynasties-1442-1779,official_intergovernmental,2026-09-03,Bản quyền thuộc nguồn; chỉ lưu bản tóm tắt chuẩn hóa và URL nguồn,approved
SRC_000027,"Di tích lịch sử, kiến trúc nghệ thuật và khảo cổ Cổ Loa",https://dsvh.gov.vn/di-tich-lich-su-kien-truc-nghe-thuat-va-khao-co-co-loa-2958,national_cultural_heritage_portal,2026-09-03,Bản quyền thuộc nguồn; chỉ lưu bản tóm tắt chuẩn hóa và URL nguồn,approved
SRC_000028,Khu Di tích Cổ Loa,https://donganh.hanoi.gov.vn/di-tich-lich-su-va-van-hoa/khu-di-tich-co-loa-28342506231105416.htm,municipal_government_portal,2026-09-03,Bản quyền thuộc nguồn; chỉ lưu bản tóm tắt chuẩn hóa và URL nguồn,approved
SRC_000029,Thành Cổ Loa - Các điểm tham quan tiêu biểu,https://thanhcoloa.vn/,official_heritage_site,2026-09-03,Bản quyền thuộc nguồn; chỉ lưu bản tóm tắt chuẩn hóa và URL nguồn,approved
SRC_000030,Thành Hào Cổ Loa,https://thanhcoloa.vn/thanh-hao-co-loa,official_heritage_site,2026-09-03,Bản quyền thuộc nguồn; chỉ lưu bản tóm tắt chuẩn hóa và URL nguồn,approved
SRC_000031,Đình Cổ Loa (Đình Ngự Triều Di Quy),https://thanhcoloa.vn/dinh-co-loa-dinh-ngu-trieu-di-quy,official_heritage_site,2026-09-03,Bản quyền thuộc nguồn; chỉ lưu bản tóm tắt chuẩn hóa và URL nguồn,approved
SRC_000032,Am Mỵ Châu,https://thanhcoloa.vn/am-my-chau,official_heritage_site,2026-09-03,Bản quyền thuộc nguồn; chỉ lưu bản tóm tắt chuẩn hóa và URL nguồn,approved
SRC_000033,Mũi tên đồng thành Cổ Loa,https://thanhcoloa.vn/mui-ten-dong-thanh-co-loa,official_heritage_site,2026-09-03,Bản quyền thuộc nguồn; chỉ lưu bản tóm tắt chuẩn hóa và URL nguồn,approved
SRC_000034,Trống đồng Cổ Loa,https://thanhcoloa.vn/trong-dong-co-loa,official_heritage_site,2026-09-03,Bản quyền thuộc nguồn; chỉ lưu bản tóm tắt chuẩn hóa và URL nguồn,approved
SRC_000035,Lò đúc mũi tên đồng,https://thanhcoloa.vn/phat-hien-khu-lo-duc-mui-ten-dong-trong-thanh-co-loa,official_heritage_site,2026-09-03,Bản quyền thuộc nguồn; chỉ lưu bản tóm tắt chuẩn hóa và URL nguồn,approved
SRC_000036,Sưu tập khuôn đúc Cổ Loa,https://thanhcoloa.vn/suu-tap-khuon-duc-co-loa,official_heritage_site,2026-09-03,Bản quyền thuộc nguồn; chỉ lưu bản tóm tắt chuẩn hóa và URL nguồn,approved
SRC_000037,Danh mục Di tích quốc gia đặc biệt,https://dsvh.gov.vn/danh-muc-di-tich-quoc-gia-dac-biet-1752,national_cultural_heritage_portal,2026-09-03,Bản quyền thuộc nguồn; chỉ lưu bản tóm tắt chuẩn hóa và URL nguồn,approved
SRC_000038,Giới thiệu nhà tù Hỏa Lò,https://hoalo.vn/Articles/15/68/Gioi-,official_heritage_site,2026-09-03,Bản quyền thuộc nguồn; chỉ lưu bản tóm tắt chuẩn hóa và URL nguồn,approved
SRC_000039,Quá trình hình thành và xây dựng,https://hoalo.vn/Articles/38/48/qua-trinh-hinh-thanh-va-xay-dung.html,official_heritage_site,2026-09-03,Bản quyền thuộc nguồn; chỉ lưu bản tóm tắt chuẩn hóa và URL nguồn,approved
SRC_000040,Giới thiệu Di tích Lịch sử Nhà tù Hỏa Lò,https://hoalo.vn/Home/GioiThieu,official_heritage_site,2026-09-03,Bản quyền thuộc nguồn; chỉ lưu bản tóm tắt chuẩn hóa và URL nguồn,approved
SRC_000041,"Nhà tù Hỏa Lò, nơi lưu giữ lịch sử về truyền thống yêu nước",https://sovhtt.hanoi.gov.vn/gioi-thieu-nha-tu-hoa-lo/,municipal_government_portal,2026-09-03,Bản quyền thuộc nguồn; chỉ lưu bản tóm tắt chuẩn hóa và URL nguồn,approved
SRC_000042,Trưng bày chuyên đề “Một thoáng di sản” ra mắt tại Di tích Nhà tù Hỏa Lò,https://sovhtt.hanoi.gov.vn/trung-bay-chuyen-de-mot-thoang-di-san-ra-mat-vao-ngay-1-7-tai-di-tich-nha-tu-hoa-lo/,municipal_government_portal,2026-09-03,Bản quyền thuộc nguồn; chỉ lưu bản tóm tắt chuẩn hóa và URL nguồn,approved
SRC_000043,Cuộc sống của tù binh phi công Mỹ (Hilton Hà Nội),https://hoalo.vn/Articles/38/44/cuoc-song-cua-tu-binh-phi-cong-my-hilton-ha-noi.html,official_heritage_exhibition,2026-09-03,Bản quyền thuộc nguồn; chỉ lưu bản tóm tắt chuẩn hóa và URL nguồn,approved
SRC_000044,John Sidney McCain từ vị khách Hilton - Hà Nội đến Thượng nghị sỹ,https://hoalo.vn/Articles/12/23692/John-Sidney-McCain-tu-vi-khach-Hilton-Ha-Noi-den-Thuong-nghi-sy.html,official_heritage_site,2026-09-03,Bản quyền thuộc nguồn; chỉ lưu bản tóm tắt chuẩn hóa và URL nguồn,approved
SRC_000045,Di tích lịch sử nhà tù Hỏa Lò – Minh chứng cho tinh thần bất khuất,https://sovhtt.hanoi.gov.vn/di-tich-lich-su-nha-tu-hoa-lo-minh-chung-cho-tinh-bat-khuat/,municipal_government_portal,2026-09-03,Bản quyền thuộc nguồn; chỉ lưu bản tóm tắt chuẩn hóa và URL nguồn,approved
SRC_000046,Gò Đống Đa,https://dsvh.gov.vn/go-dong-da-3285,national_cultural_heritage_portal,2026-09-03,Bản quyền thuộc nguồn; chỉ lưu bản tóm tắt chuẩn hóa và URL nguồn,approved
SRC_000047,Gò Đống Đa – Trang thông tin điện tử phường Đống Đa,https://dongda.hanoi.gov.vn/di-tich-va-danh-thang/go-dong-da-2806250628111626422.htm,municipal_government_portal,2026-09-03,Bản quyền thuộc nguồn; chỉ lưu bản tóm tắt chuẩn hóa và URL nguồn,approved
SRC_000048,Giới thiệu chung – Công viên Văn hóa Đống Đa,https://godongda.vn/gioi-thieu-chung,official_heritage_site,2026-09-03,Bản quyền thuộc nguồn; chỉ lưu bản tóm tắt chuẩn hóa và URL nguồn,approved
SRC_000049,Các hạng mục của di tích – Công viên Văn hóa Đống Đa,https://godongda.vn/cac-hang-muc-cua-di-tich,official_heritage_site,2026-09-03,Bản quyền thuộc nguồn; chỉ lưu bản tóm tắt chuẩn hóa và URL nguồn,approved
SRC_000050,Bảo tồn và phát huy giá trị Di tích quốc gia đặc biệt Gò Đống Đa,https://sovhtt.hanoi.gov.vn/bao-ton-va-phat-huy-gia-tri-di-tich-quoc-gia-dac-biet-go-dong-da/,municipal_government_portal,2026-09-03,Bản quyền thuộc nguồn; chỉ lưu bản tóm tắt chuẩn hóa và URL nguồn,approved
SRC_000051,Hà Nội: Lễ hội Gò Đống Đa,https://sovhtt.hanoi.gov.vn/ha-noi-le-hoi-go-dong-da/,municipal_government_portal,2026-09-03,Bản quyền thuộc nguồn; chỉ lưu bản tóm tắt chuẩn hóa và URL nguồn,approved
SRC_000052,Giới thiệu về Lễ hội Gò Đống Đa,https://godongda.vn/le-hoi/gioi-thieu-ve-le-hoi-go-dong-da.html,official_heritage_site,2026-09-03,Bản quyền thuộc nguồn; chỉ lưu bản tóm tắt chuẩn hóa và URL nguồn,approved
SRC_000053,Đền thờ Hoàng đế Quang Trung,https://godongda.vn/di-tich/den-tho-hoang-de-quang-trung,official_heritage_site,2026-09-03,Bản quyền thuộc nguồn; chỉ lưu bản tóm tắt chuẩn hóa và URL nguồn,approved
SRC_000054,Nhà trưng bày Quang Trung và Chiến thắng Ngọc Hồi – Đống Đa,https://godongda.vn/di-tich/nha-trung-bay,official_heritage_exhibition,2026-09-03,Bản quyền thuộc nguồn; chỉ lưu bản tóm tắt chuẩn hóa và URL nguồn,approved
SRC_000055,Tiếp nhận tài trợ và công đức – Công viên Văn hóa Đống Đa,https://godongda.vn/tai-tro,official_heritage_site,2026-09-03,Bản quyền thuộc nguồn; chỉ lưu bản tóm tắt chuẩn hóa và URL nguồn,approved
SRC_000056,Cột cờ Hà Nội – Cục Du lịch Quốc gia Việt Nam,https://dulichvn.org.vn/index.php/item/cot-co-ha-noi-48076,official_tourism_portal,2026-09-04,"Bản quyền thuộc nguồn; chỉ lưu tóm tắt chuẩn hóa ngắn và URL, không lưu toàn văn.",approved
SRC_000057,Cột cờ Hà Nội – Báo Quân đội nhân dân,https://www.qdnd.vn/van-hoa/doi-song/cot-co-ha-noi-404187,news_article,2026-09-04,"Bản quyền thuộc nguồn; chỉ lưu tóm tắt chuẩn hóa ngắn và URL, không lưu toàn văn.",approved
SRC_000058,Những công trình cổ trong Hoàng thành Thăng Long – VnExpress,https://vnexpress.net/nhung-cong-trinh-co-trong-hoang-thanh-thang-long-4601593.html,news_article,2026-09-04,"Bản quyền thuộc nguồn; chỉ lưu tóm tắt chuẩn hóa ngắn và URL, không lưu toàn văn.",approved
SRC_000059,Cổng Ô Quan Chưởng – Hoàn Kiếm 360,https://hoankiem360.tourism.vn/chi_tiet_di_tich_lich_su/cong-o-quan-chuong.html,official_tourism_portal,2026-09-04,"Bản quyền thuộc nguồn; chỉ lưu tóm tắt chuẩn hóa ngắn và URL, không lưu toàn văn.",approved
SRC_000060,Cửa Ô Quan Chưởng – di tích 300 năm tuổi – Hội Di sản Văn hóa Việt Nam,https://hoidisanvanhoa.vn/cua-o-quan-chuong-di-tich-300-nam-tuoi/,heritage_association,2026-09-04,"Bản quyền thuộc nguồn; chỉ lưu tóm tắt chuẩn hóa ngắn và URL, không lưu toàn văn.",approved
SRC_000061,Chứng tích của tinh thần giữ thành Hà Nội – Báo Quân đội nhân dân,https://www.qdnd.vn/van-hoa/doi-song/chung-tich-cua-tinh-than-giu-thanh-ha-noi-840738,news_article,2026-09-04,"Bản quyền thuộc nguồn; chỉ lưu tóm tắt chuẩn hóa ngắn và URL, không lưu toàn văn.",approved
SRC_000062,Ô Quan Chưởng còn mãi với thời gian – VOV,https://vov.vn/ha-noi-ngan-nam/o-quan-chuong-con-mai-voi-thoi-gian-150043.vov,news_article,2026-09-04,"Bản quyền thuộc nguồn; chỉ lưu tóm tắt chuẩn hóa ngắn và URL, không lưu toàn văn.",approved
SRC_000063,Tháp Rùa – Hoàn Kiếm 360,https://hoankiem360.tourism.vn/chi_tiet_ho_hoan_kiem/thap-rua.html,official_tourism_portal,2026-09-04,"Bản quyền thuộc nguồn; chỉ lưu tóm tắt chuẩn hóa ngắn và URL, không lưu toàn văn.",approved
SRC_000064,"Tháp Rùa, một biểu tượng của Thủ đô – Hà Nội Online",https://hanoionline.vn/amp/thap-rua-mot-bieu-tuong-cua-thu-do-268794.htm,news_article,2026-09-04,"Bản quyền thuộc nguồn; chỉ lưu tóm tắt chuẩn hóa ngắn và URL, không lưu toàn văn.",approved
SRC_000065,Ra mắt không gian chiếu sáng nghệ thuật Hồ Gươm-Tháp Rùa – VietnamPlus,https://www.vietnamplus.vn/ra-mat-khong-gian-chieu-sang-nghe-thuat-ho-guom-thap-rua-post1084927.vnp,news_article,2026-09-04,"Bản quyền thuộc nguồn; chỉ lưu tóm tắt chuẩn hóa ngắn và URL, không lưu toàn văn.",approved
SRC_000066,Hồ Hoàn Kiếm – Hoàn Kiếm 360,https://hoankiem360.tourism.vn/chi_tiet_ho_hoan_kiem/ho-hoan-kiem.html,official_tourism_portal,2026-09-04,"Bản quyền thuộc nguồn; chỉ lưu tóm tắt chuẩn hóa ngắn và URL, không lưu toàn văn.",approved
SRC_000067,Khu Di tích Chủ tịch Hồ Chí Minh tại Phủ Chủ tịch – Trang chủ,https://nhasanbacho.vn/,official_heritage_site,2026-09-04,"Bản quyền thuộc nguồn; chỉ lưu tóm tắt chuẩn hóa ngắn và URL, không lưu toàn văn.",approved
SRC_000068,Di tích Nhà 54 – Khu Di tích Chủ tịch Hồ Chí Minh tại Phủ Chủ tịch,https://nhasanbacho.vn/portfolio/di-tich-nha-54/,official_heritage_site,2026-09-04,"Bản quyền thuộc nguồn; chỉ lưu tóm tắt chuẩn hóa ngắn và URL, không lưu toàn văn.",approved
SRC_000069,Di tích Nhà 67 – Khu Di tích Chủ tịch Hồ Chí Minh tại Phủ Chủ tịch,https://nhasanbacho.vn/portfolio/di-tich-nha-67/,official_heritage_site,2026-09-04,"Bản quyền thuộc nguồn; chỉ lưu tóm tắt chuẩn hóa ngắn và URL, không lưu toàn văn.",approved
SRC_000070,"Ngôi nhà sàn trong Khu Di tích Phủ Chủ tịch – vẻ đẹp về cuộc sống giản dị, gần gũi với nhân dân của Chủ tịch Hồ Chí Minh",https://nhasanbacho.vn/bai-viet/ngoi-nha-san-trong-khu-di-tich-phu-chu-tich-ve-dep-ve-cuoc-song-gian-di-gan-gui-voi-nhan-dan-cua-chu-tich-ho-chi-minh-3501/,official_heritage_site,2026-09-04,"Bản quyền thuộc nguồn; chỉ lưu tóm tắt chuẩn hóa ngắn và URL, không lưu toàn văn.",approved
SRC_000071,Quyết định 1272/QĐ-TTg ngày 12/8/2009 về xếp hạng di tích quốc gia đặc biệt,https://chinhphu.vn/default.aspx?docid=90093&pageid=27160,official_legal_document,2026-09-04,"Bản quyền thuộc nguồn; chỉ lưu tóm tắt chuẩn hóa ngắn và URL, không lưu toàn văn.",approved
SRC_000072,Thăm Khu Di tích Chủ tịch Hồ Chí Minh tại Phủ Chủ tịch – Nơi lưu giữ những ký ức về Người,https://vietnamtourism.gov.vn/post/58759,official_tourism_portal,2026-09-04,"Bản quyền thuộc nguồn; chỉ lưu tóm tắt chuẩn hóa ngắn và URL, không lưu toàn văn.",approved
SRC_000073,Lăng Chủ tịch Hồ Chí Minh – Trường Tiểu học Quang Trung,https://thquangtrung.hcm.edu.vn/khong-gian-van-hoa-ho-chi-minh/lang-chu-tich-ho-chi-minh/ctmb/129604/1085308,educational_institution,2026-09-04,"Bản quyền thuộc nguồn; chỉ lưu tóm tắt chuẩn hóa ngắn và URL, không lưu toàn văn.",approved
SRC_000074,Nhìn lại hình ảnh từ những ngày xây dựng Lăng Chủ tịch Hồ Chí Minh,https://btllang.mod.gov.vn/tin-tuc/tin-tu-bo-tu-lenh-lang/9915-nhin-lai-hinh-anh-tu-nhung-ngay-xay-dung-lang-chu-tich-ho-chi-minh.html,official_heritage_site,2026-09-04,"Bản quyền thuộc nguồn; chỉ lưu tóm tắt chuẩn hóa ngắn và URL, không lưu toàn văn.",approved
SRC_000075,Quảng trường Ba Đình – Cổng thông tin du lịch phường Ba Đình,https://visitbadinh.com.vn/vi/place/details/quang-truong-ba-dinh-42,official_tourism_portal,2026-09-04,"Bản quyền thuộc nguồn; chỉ lưu tóm tắt chuẩn hóa ngắn và URL, không lưu toàn văn.",approved
SRC_000076,20 năm thực hiện nhiệm vụ thiêng liêng – Bộ Tư lệnh Lăng,https://btllang.mod.gov.vn/tin-tuc/tin-tu-bo-tu-lenh-lang/10901-20-nam-thuc-hien-nhiem-vu-thieng-lieng.html,official_heritage_site,2026-09-04,"Bản quyền thuộc nguồn; chỉ lưu tóm tắt chuẩn hóa ngắn và URL, không lưu toàn văn.",approved
SRC_000077,"Ý nghĩa chính trị, văn hóa của Công trình Lăng và việc phát huy ý nghĩa trong giai đoạn mới",https://btllang.mod.gov.vn/tin-tuc/tin-tu-bo-tu-lenh-lang/4157-y-nghia-chinh-tri-van-hoa-cua-cong-trinh-lang-va-viec-phat-huy-y-nghia-chinh-tri-van-hoa-cua-cong-trinh-lang-trong-giai-doan-moi.html,official_heritage_site,2026-09-04,"Bản quyền thuộc nguồn; chỉ lưu tóm tắt chuẩn hóa ngắn và URL, không lưu toàn văn.",approved
SRC_000078,Đoàn đại biểu xã Nam Tiền Hải dâng hương tưởng niệm Chủ tịch Hồ Chí Minh và thăm chiến sĩ mới tại Khu Di tích K9,https://btllang.mod.gov.vn/tin-tuc/tin-tu-bo-tu-lenh-lang/15979-doan-dai-bieu-xa-nam-tien-hai-dang-huong-tuong-niem-chu-tich-ho-chi-minh-va-tham-chien-si-moi-tai-khu-di-tich-k9.html,official_heritage_site,2026-09-04,"Bản quyền thuộc nguồn; chỉ lưu tóm tắt chuẩn hóa ngắn và URL, không lưu toàn văn.",approved
SRC_000079,K9 Đá Chông - Nơi lưu giữ ký ức về Chủ tịch Hồ Chí Minh giữa đại ngàn Ba Vì,https://www.vietnamplus.vn/k9-da-chong-noi-luu-giu-ky-uc-ve-chu-tich-ho-chi-minh-giua-dai-ngan-ba-vi-post1110291.vnp,news_article,2026-09-04,"Bản quyền thuộc nguồn; chỉ lưu tóm tắt chuẩn hóa ngắn và URL, không lưu toàn văn.",approved
SRC_000080,Khánh thành Nhà tưởng niệm Hồ Chủ tịch tại khu di tích K9,https://baochinhphu.vn/khanh-thanh-nha-tuong-niem-ho-chu-tich-tai-khu-di-tich-k9-102189624.htm,government_news,2026-09-04,"Bản quyền thuộc nguồn; chỉ lưu tóm tắt chuẩn hóa ngắn và URL, không lưu toàn văn.",approved
SRC_000081,"Khu Di tích Chủ tịch Hồ Chí Minh tại Đá Chông (K9) - Phần 2: Các công trình, hiện vật tiêu biểu",https://btllang.mod.gov.vn/tu-lieu/khu-di-tich-lich-su-chu-tich-ho-chi-minh-tai-da-chong/91-gioi-thieu-ve-btl-lang/5100-khu-di-tich-chu-tich-ho-chi-minh-tai-da-chong-k9-ba-vi-ha-noi-phan-2-cac-cong-trinh-hien-vat-tieu-bieu.html,official_heritage_site,2026-09-04,"Bản quyền thuộc nguồn; chỉ lưu tóm tắt chuẩn hóa ngắn và URL, không lưu toàn văn.",approved
SRC_000082,"Khu Di tích K9 - địa chỉ giáo dục truyền thống cách mạng, học tập và làm theo tấm gương đạo đức Hồ Chí Minh",https://btllang.mod.gov.vn/tin-tuc/tin-tu-bo-tu-lenh-lang/5038-khu-di-tich-k9-dia-chigiao-duc-truyen-thong-cach-mang-hoc-tap-va-lam-theo-tam-guongdao-duc-ho-chi-minh.html,official_heritage_site,2026-09-04,"Bản quyền thuộc nguồn; chỉ lưu tóm tắt chuẩn hóa ngắn và URL, không lưu toàn văn.",approved
SRC_000083,"Ngôi Nhà sàn tại K9, công trình lịch sử, văn hóa về Chủ tịch Hồ Chí Minh",https://btllang.mod.gov.vn/tin-tuc/tin-tu-bo-tu-lenh-lang/9355-ngoi-nha-san-tai-k9-cong-trinh-lich-su-van-hoa-ve-chu-tich-ho-chi-minh.html,official_heritage_site,2026-09-04,"Bản quyền thuộc nguồn; chỉ lưu tóm tắt chuẩn hóa ngắn và URL, không lưu toàn văn.",approved
SRC_000084,Di tích lịch sử 48 Hàng Ngang-Hà Nội,https://baotanghochiminh.vn/di-tich-lich-su-48-hang-ngang-ha-noi.htm,official_museum,2026-09-04,"Bản quyền thuộc nguồn; chỉ lưu tóm tắt chuẩn hóa ngắn và URL, không lưu toàn văn.",approved
SRC_000085,Ghé thăm căn phòng Bác Hồ viết bản Tuyên ngôn độc lập,https://thanglong.chinhphu.vn/ghe-tham-can-phong-bac-ho-viet-ban-tuyen-ngon-doc-lap-10323893.htm,government_news,2026-09-04,"Bản quyền thuộc nguồn; chỉ lưu tóm tắt chuẩn hóa ngắn và URL, không lưu toàn văn.",approved
SRC_000086,Phố cổ Hàng Ngang và ngôi nhà số 48 lịch sử,https://scov.gov.vn/dat-nuoc-con-nguoi/1000-nam-thang-long-ha-noi/pho-co-hang-ngang-va-ngoi-nha-so-48-lich-su.html,government_portal,2026-09-04,"Bản quyền thuộc nguồn; chỉ lưu tóm tắt chuẩn hóa ngắn và URL, không lưu toàn văn.",approved
SRC_000087,Ngôi nhà 48 Hàng Ngang kể chuyện lịch sử,https://congthuong.vn/ngoi-nha-48-hang-ngang-ke-chuyen-lich-su-418590.html,news_article,2026-09-04,"Bản quyền thuộc nguồn; chỉ lưu tóm tắt chuẩn hóa ngắn và URL, không lưu toàn văn.",approved
SRC_000088,Phường Hoàn Kiếm dâng hương tưởng niệm Chủ tịch Hồ Chí Minh nhân kỷ niệm 136 năm Ngày sinh của Người,https://hoankiem.hanoi.gov.vn/tin-noi-bat-trang-chu/phuong-hoan-kiem-dang-huong-tuong-niem-chu-tich-ho-chi-minh-nhan-ky-niem-136-nam-ngay-sinh-cua-nguoi-19-5-1890-19-5-2026-2812260519104237096.htm,local_government,2026-09-04,"Bản quyền thuộc nguồn; chỉ lưu tóm tắt chuẩn hóa ngắn và URL, không lưu toàn văn.",approved
SRC_000089,Nơi Chủ tịch Hồ Chí Minh viết Tuyên ngôn độc lập,https://vnexpress.net/noi-chu-tich-ho-chi-minh-viet-tuyen-ngon-doc-lap-3271046.html,news_article,2026-09-04,"Bản quyền thuộc nguồn; chỉ lưu tóm tắt chuẩn hóa ngắn và URL, không lưu toàn văn.",approved
SRC_000090,"Di tích 5D phố Hàm Long - Hà Nội, nơi thành lập Chi bộ cộng sản đầu tiên ở Việt Nam",https://dsvh.gov.vn/di-tich-5d-pho-ham-long-ha-noi-noi-thanh-lap-chi-bo-cong-san-dau-tien-o-viet-nam-3169,government_heritage_portal,2026-09-04,"Bản quyền thuộc nguồn; chỉ lưu tóm tắt chuẩn hóa ngắn và URL, không lưu toàn văn.",approved
SRC_000091,Di tích cách mạng nhà số 5D Hàm Long - Nơi thành lập Chi bộ Cộng sản đầu tiên ở Việt Nam vào tháng 3 năm 1929,https://baotanglichsu.vn/vi/Articles/2002/68135/di-tich-cach-mang-nha-so-5d-ham-long-noi-thanh-lap-chi-bo-cong-san-djau-tien-o-viet-nam-vao-thang-3-nam-1929.html,official_museum,2026-09-04,"Bản quyền thuộc nguồn; chỉ lưu tóm tắt chuẩn hóa ngắn và URL, không lưu toàn văn.",approved
SRC_000092,"Tọa đàm khoa học Bảo tồn và phát huy giá trị di tích ngôi nhà số 5D Hàm Long, phường Cửa Nam, thành phố Hà Nội",https://sovhtt.hanoi.gov.vn/toa-dam-khoa-hoc-bao-ton-va-phat-huy-gia-tri-di-tich-ngoi-nha-so-5d-ham-long-phuong-cua-nam-thanh-pho-ha-noi/,local_government,2026-09-04,"Bản quyền thuộc nguồn; chỉ lưu tóm tắt chuẩn hóa ngắn và URL, không lưu toàn văn.",approved
SRC_000093,"Di tích 5D phố Hàm Long, Hà Nội - Nơi thành lập Chi bộ cộng sản đầu tiên ở Việt Nam",https://vovworld.vn/vi-VN/viet-nam-dat-nuoc-con-nguoi/di-tich-5d-pho-ham-long-ha-noi-noi-thanh-lap-chi-bo-cong-san-dau-tien-o-viet-nam-2428478.vov5,public_broadcaster,2026-09-04,"Bản quyền thuộc nguồn; chỉ lưu tóm tắt chuẩn hóa ngắn và URL, không lưu toàn văn.",approved
SRC_000094,"Bảo tồn, phát huy giá trị di tích về Chi bộ Cộng sản đầu tiên của nước ta",https://nhandan.vn/bao-ton-phat-huy-gia-tri-di-tich-ve-chi-bo-cong-san-dau-tien-cua-nuoc-ta-post950982.html,news_article,2026-09-04,"Bản quyền thuộc nguồn; chỉ lưu tóm tắt chuẩn hóa ngắn và URL, không lưu toàn văn.",approved
SRC_000095,Thành cổ Sơn Tây – Báo Chính phủ,https://baochinhphu.vn/thanh-co-son-tay-10235788.htm,government_news,2026-09-04,"Bản quyền thuộc nguồn; chỉ lưu tóm tắt chuẩn hóa ngắn và URL, không lưu toàn văn.",approved
SRC_000096,Di tích Thành cổ Sơn Tây – công trình quân sự độc đáo bằng đá ong,https://sovhtt.hanoi.gov.vn/di-tich-thanh-co-son-tay-cong-trinh-quan-su-doc-dao-bang-da-ong/,local_government,2026-09-04,"Bản quyền thuộc nguồn; chỉ lưu tóm tắt chuẩn hóa ngắn và URL, không lưu toàn văn.",approved
SRC_000097,Thành cổ Sơn Tây – Báo Nhân Dân,https://nhandan.vn/thanh-co-son-tay-post723118.html,news_article,2026-09-04,"Bản quyền thuộc nguồn; chỉ lưu tóm tắt chuẩn hóa ngắn và URL, không lưu toàn văn.",approved
SRC_000098,Nhiều hoạt động hấp dẫn kỷ niệm 200 năm Thành cổ Sơn Tây,https://thanglong.chinhphu.vn/nhieu-hoat-dong-hap-dan-ky-niem-200-nam-thanh-co-son-tay-103221102021432924.htm,government_news,2026-09-04,"Bản quyền thuộc nguồn; chỉ lưu tóm tắt chuẩn hóa ngắn và URL, không lưu toàn văn.",approved
SRC_000099,Đền Ngọc Sơn – Cổng du lịch MyHanoi,https://myhanoi.vn/vi/denngocson,tourism_portal,2026-09-04,"Bản quyền thuộc nguồn; chỉ lưu tóm tắt chuẩn hóa ngắn và URL, không lưu toàn văn.",approved
SRC_000100,Di tích quốc gia đặc biệt hồ Hoàn Kiếm và đền Ngọc Sơn – Thắng cảnh nổi tiếng của Thủ đô,https://sovhtt.hanoi.gov.vn/di-tich-quoc-gia-dac-biet-ho-hoan-kiem-va-den-ngoc-son-thang-canh-noi-tieng-cua-thu-2/,local_government,2026-09-04,"Bản quyền thuộc nguồn; chỉ lưu tóm tắt chuẩn hóa ngắn và URL, không lưu toàn văn.",approved
SRC_000101,Công bố 20 kỷ lục về Hà Nội,https://baochinhphu.vn/cong-bo-20-ky-luc-ve-ha-noi-10240163.htm,government_news,2026-09-04,"Bản quyền thuộc nguồn; chỉ lưu tóm tắt chuẩn hóa ngắn và URL, không lưu toàn văn.",approved
SRC_000102,Những câu chuyện về cầu Thê Húc,https://baotanglichsu.vn/vi/Articles/2001/66218/nhung-cau-chuyen-ve-cau-the-huc.html,official_museum,2026-09-04,"Bản quyền thuộc nguồn; chỉ lưu tóm tắt chuẩn hóa ngắn và URL, không lưu toàn văn.",approved
SRC_000103,Những di sản kiến trúc qua nghìn năm Thăng Long,https://baotanglichsu.vn/vi/Articles/2001/65156/nhung-di-san-kien-truc-qua-nghin-nam-thang-long.html,official_museum,2026-09-04,"Bản quyền thuộc nguồn; chỉ lưu tóm tắt chuẩn hóa ngắn và URL, không lưu toàn văn.",approved
SRC_000104,Chùa Một Cột – Cổng thông tin du lịch phường Ba Đình,https://visitbadinh.com.vn/vi/place/details/chua-mot-cot-6,official_tourism_portal,2026-09-04,"Bản quyền thuộc nguồn; chỉ lưu tóm tắt chuẩn hóa ngắn và URL, không lưu toàn văn.",approved
SRC_000105,Chùa một cột – Trung tâm Bảo tồn Di sản Thăng Long – Hà Nội,https://hoangthanhthanglong.com/2018/12/03/chua-mot-cot/,official_heritage_site,2026-09-04,"Bản quyền thuộc nguồn; chỉ lưu tóm tắt chuẩn hóa ngắn và URL, không lưu toàn văn.",approved
SRC_000106,Chùa Một Cột – ngôi chùa độc nhất vô nhị châu Á,https://tapchinghiencuuphathoc.vn/chua-mot-cot-ngoi-chua-doc-nhat-vo-nhi-chau-a.html,religious_research_journal,2026-09-04,"Bản quyền thuộc nguồn; chỉ lưu tóm tắt chuẩn hóa ngắn và URL, không lưu toàn văn.",approved
SRC_000107,Chùa Một Cột – Báo Sài Gòn Giải Phóng,https://www.sggp.org.vn/chua-mot-cot-post34753.html,news_article,2026-09-04,"Bản quyền thuộc nguồn; chỉ lưu tóm tắt chuẩn hóa ngắn và URL, không lưu toàn văn.",approved
SRC_000108,Chùa Trấn Quốc – Tây Hồ 360,https://tayho360.vn/chi_tiet_di_tich_lich_su/chua-tran-quoc.html,local_tourism_portal,2026-09-04,"Bản quyền thuộc nguồn; chỉ lưu tóm tắt chuẩn hóa ngắn và URL, không lưu toàn văn.",approved
SRC_000109,Chùa Trấn Quốc - Danh thắng bậc nhất kinh kỳ,https://baotanglichsuquocgia.vn/vi/Articles/3096/18371/chua-tran-quoc-danh-thang-bac-nhat-kinh-ky.html,official_museum,2026-09-04,"Bản quyền thuộc nguồn; chỉ lưu tóm tắt chuẩn hóa ngắn và URL, không lưu toàn văn.",approved
SRC_000110,Chùa Trấn Quốc – Giáo hội Phật giáo Việt Nam thành phố Hà Nội,https://phatgiaohanoi.vn/chua-tran-quoc.html,religious_organization,2026-09-04,"Bản quyền thuộc nguồn; chỉ lưu tóm tắt chuẩn hóa ngắn và URL, không lưu toàn văn.",approved
SRC_000111,Chùa Trấn Quốc: Khám phá kỳ quan kiến trúc và tâm linh của Hà Nội,https://www.vietnamairlines.com/vn/vi/plan-book/travel/travel-guide/tran-quoc-pagoda,airline_travel_guide,2026-09-04,"Bản quyền thuộc nguồn; chỉ lưu tóm tắt chuẩn hóa ngắn và URL, không lưu toàn văn.",approved
SRC_000112,Đền Quán Thánh – Cổng thông tin du lịch phường Ba Đình,https://visitbadinh.com.vn/vi/place/details/den-quan-thanh-35,official_tourism_portal,2026-09-04,"Bản quyền thuộc nguồn; chỉ lưu tóm tắt chuẩn hóa ngắn và URL, không lưu toàn văn.",approved
SRC_000113,"Góp bàn về niên đại hai pho tượng trong đền Quán Thánh – Nguyễn Đạt Thức, Di sản văn hóa 1(50), 2015, tr.48–52",https://dsvh.gov.vn/Upload/files/5010_gop%20ban%20nien%20dai.pdf,heritage_research_article,2026-09-04,"Bản quyền thuộc nguồn; chỉ lưu tóm tắt chuẩn hóa ngắn và URL, không lưu toàn văn.",approved
SRC_000114,Khám phá Thăng Long tứ trấn: Đền Quán Thánh ngàn năm lịch sử,https://www.vietnamairlines.com/go/vi/plan-book/travel/travel-guide/den-quan-thanh,airline_travel_guide,2026-09-04,"Bản quyền thuộc nguồn; chỉ lưu tóm tắt chuẩn hóa ngắn và URL, không lưu toàn văn.",approved
SRC_000115,Quyết định xếp hạng di tích quốc gia đặc biệt (đợt 12),https://dsvh.gov.vn/quyet-dinh-xep-hang-di-tich-quoc-gia-dac-biet-dot-12-3450,official_heritage_authority,2026-09-04,"Bản quyền thuộc nguồn; chỉ lưu tóm tắt chuẩn hóa ngắn và URL, không lưu toàn văn.",approved
SRC_000116,Thủ tướng Chính phủ quyết định công nhận bảo vật quốc gia (đợt 5) năm 2016,https://dsvh.gov.vn/thu-tuong-chinh-phu-quyet-dinh-cong-nhan-bao-vat-quoc-gia-dot-5-nam-2016-1279,official_heritage_authority,2026-09-04,"Bản quyền thuộc nguồn; chỉ lưu tóm tắt chuẩn hóa ngắn và URL, không lưu toàn văn.",approved
SRC_000117,Phủ Tây Hồ – Tây Hồ 360,https://www.tayho360.vn/chi_tiet_di_tich_lich_su/phu-tay-ho.html,official_tourism_portal,2026-09-04,"Bản quyền thuộc nguồn; chỉ lưu tóm tắt chuẩn hóa ngắn và URL, không lưu toàn văn.",approved
SRC_000118,Lễ hội Phủ Tây Hồ – phường Quảng An,https://tayho360.vn/chi_tiet_le_hoi/le-hoi-phu-tay-ho-phuong-quang-an.html,official_tourism_portal,2026-09-04,"Bản quyền thuộc nguồn; chỉ lưu tóm tắt chuẩn hóa ngắn và URL, không lưu toàn văn.",approved
SRC_000119,Phủ Tây Hồ – Vntrip,https://www.vntrip.vn/cam-nang/phu-tay-ho-43151,travel_guide,2026-09-04,"Bản quyền thuộc nguồn; chỉ lưu tóm tắt chuẩn hóa ngắn và URL, không lưu toàn văn.",approved
SRC_000120,Du ngoạn Hồ Tây: Ghé thăm di tích nghệ thuật Phủ Tây Hồ,https://itoday.vn/du-ngoan-ho-tay-ghe-tham-di-tich-nghe-thuat-phu-tay-ho-a444068.html,news_article,2026-09-04,"Bản quyền thuộc nguồn; chỉ lưu tóm tắt chuẩn hóa ngắn và URL, không lưu toàn văn.",approved
SRC_000121,Giáo xứ Chính Tòa Hà Nội – Tổng Giáo phận Hà Nội,https://www.tonggiaophanhanoi.org/giao-xu-chinh-toa-ha-noi/,official_religious_organization,2026-09-05,"Bản quyền thuộc nguồn; chỉ lưu tóm tắt chuẩn hóa ngắn và URL, không lưu toàn văn.",approved
SRC_000122,Khám phá nét kiến trúc độc đáo của Nhà thờ Lớn Hà Nội,https://vntravel.org.vn/kham-pha-net-kien-truc-doc-dao-cua-nha-tho-lon-nhat-ha-noi-a2245.html,tourism_magazine,2026-09-05,"Bản quyền thuộc nguồn; chỉ lưu tóm tắt chuẩn hóa ngắn và URL, không lưu toàn văn.",approved
SRC_000123,Nhà thờ Lớn Hà Nội: khám phá nhà thờ cổ ở thủ đô,https://www.traveloka.com/vi-vn/explore/destination/nha-tho-lon-ha-noi-acc/158921,travel_guide,2026-09-05,"Bản quyền thuộc nguồn; chỉ lưu tóm tắt chuẩn hóa ngắn và URL, không lưu toàn văn.",approved
SRC_000124,Kiến trúc và trùng tu Nhà thờ Chính Tòa Hà Nội – Tổng Giáo phận Hà Nội,https://www.tonggiaophanhanoi.org/giao-xu-chinh-toa-ha-noi/,official_religious_organization,2026-09-05,"Bản quyền thuộc nguồn; chỉ lưu tóm tắt chuẩn hóa ngắn và URL, không lưu toàn văn.",approved
SRC_000125,Trưng bày online Khu di tích Thành Cổ Loa,https://trungbayonline.thanhcoloa.vn/,official_monument_portal,2026-09-05,"Bản quyền thuộc nguồn; chỉ lưu tóm tắt chuẩn hóa ngắn và URL, không lưu toàn văn.",approved
SRC_000126,Cột cờ Hà Nội – Cổng thông tin du lịch phường Ba Đình,https://visitbadinh.com.vn/vi/place/details/cot-co-ha-noi-15,official_tourism_portal,2026-09-05,"Bản quyền thuộc nguồn; chỉ lưu tóm tắt chuẩn hóa ngắn và URL, không lưu toàn văn.",approved
SRC_000127,Di tích lịch sử và danh lam thắng cảnh hồ Hoàn Kiếm và đền Ngọc Sơn,https://dsvh.gov.vn/di-tich-lich-su-va-danh-lam-thang-canh-ho-hoan-kiem-va-den-ngoc-son-2978,official_heritage_authority,2026-09-05,"Bản quyền thuộc nguồn; chỉ lưu tóm tắt chuẩn hóa ngắn và URL, không lưu toàn văn.",approved
SRC_000128,Lăng Chủ tịch Hồ Chí Minh – nơi bồi đắp lòng yêu nước,https://thanhuyhanoi.vn/tin-tuc/chinh-tri/lang-chu-tich-ho-chi-minh-noi-boi-dap-hun-duc-long-yeu-nuoc-niem-tu-hao-dan-toc-10030998.html,official_party_portal,2026-09-05,"Bản quyền thuộc nguồn; chỉ lưu tóm tắt chuẩn hóa ngắn và URL, không lưu toàn văn.",approved
SRC_000129,Thăng Long tứ trấn được xếp hạng Di tích quốc gia đặc biệt,https://sovhtt.hanoi.gov.vn/thang-long-tu-tran-duoc-xep-hang-di-tich-quoc-gia-dac-biet/,government_cultural_portal,2026-09-07,Bản quyền thuộc nguồn; chỉ lưu bản tóm tắt chuẩn hóa và URL nguồn,approved
SRC_000130,Đền Bạch Mã đón bằng Di tích quốc gia đặc biệt Thăng Long tứ trấn,https://sovhtt.hanoi.gov.vn/den-bach-ma-don-bang-di-tich-quoc-gia-dac-biet-thang-long-tu-tran/,government_cultural_portal,2026-09-07,Bản quyền thuộc nguồn; chỉ lưu bản tóm tắt chuẩn hóa và URL nguồn,approved
SRC_000131,Đền Bạch Mã: Giá trị đặc biệt của một trong tứ trấn Thăng Long,https://sovhtt.hanoi.gov.vn/den-bach-ma-gia-tri-dac-biet-cua-mot-trong-tu-tran-thang-long/,government_cultural_portal,2026-09-07,Bản quyền thuộc nguồn; chỉ lưu bản tóm tắt chuẩn hóa và URL nguồn,approved
SRC_000132,Lễ hội đền Bạch Mã,https://vietnamtourism.vn/index.php/tourism/items/875/26,national_tourism_portal,2026-09-07,Bản quyền thuộc nguồn; chỉ lưu bản tóm tắt chuẩn hóa và URL nguồn,approved
SRC_000133,Bảo tồn và phát huy giá trị của Di tích Quốc gia Đặc biệt Đền Bạch Mã,https://www.vietnamplus.vn/bao-ton-va-phat-huy-gia-tri-cua-di-tich-quoc-gia-dac-biet-den-bach-ma-post1101101.vnp,national_news_agency,2026-09-07,Bản quyền thuộc nguồn; chỉ lưu bản tóm tắt chuẩn hóa và URL nguồn,approved
SRC_000134,Bạch Mã - ngôi đền cổ nhất Hà Nội,https://daibieunhandan.vn/bach-ma-ngoi-den-co-nhat-ha-noi-10251582.html,national_assembly_newspaper,2026-09-07,Bản quyền thuộc nguồn; chỉ lưu bản tóm tắt chuẩn hóa và URL nguồn,approved
SRC_000135,Ly kỳ cuộc đấu phép giữa Cao Biền và thần Long Đỗ,https://baotanglichsu.vn/vi/Articles/3098/13340/ly-ky-cuoc-djau-phep-giua-cao-bien-va-than-long-djo.html,national_history_museum,2026-09-07,Bản quyền thuộc nguồn; chỉ lưu bản tóm tắt chuẩn hóa và URL nguồn,approved
SRC_000136,Thăng Long tứ trấn - Dấu ấn lịch sử ngàn năm,https://hanoi.gov.vn/van-hien-thang-long/thang-long-tu-tran-dau-an-lich-su-ngan-nam-42733112.htm,government_portal,2026-09-08,Bản quyền thuộc nguồn; chỉ lưu bản tóm tắt chuẩn hóa và URL nguồn,approved
SRC_000137,Quận Ba Đình tổ chức lễ hội Ngày hóa của Đức Thánh Linh Lang Đại Vương,https://sovhtt.hanoi.gov.vn/quan-ba-dinh-to-chuc-le-hoi-ngay-hoa-cua-duc-thanh-linh-lang-dai-vuong/,government_cultural_portal,2026-09-08,Bản quyền thuộc nguồn; chỉ lưu bản tóm tắt chuẩn hóa và URL nguồn,approved
SRC_000138,Thăng Long tứ trấn: Đền Linh Lang,https://baotanglichsu.vn/VI/Articles/3096/11352/thang-long-tu-tran-djen-linh-lang.html,national_history_museum,2026-09-08,Bản quyền thuộc nguồn; chỉ lưu bản tóm tắt chuẩn hóa và URL nguồn,approved
SRC_000139,Khám phá đền Voi Phục - Vị thần hộ mệnh phía Tây của Thăng Long,https://www.vietnamairlines.com/kh/vi/plan-book/travel/travel-guide/voi-phuc-temple,state_airline_travel_portal,2026-09-08,Bản quyền thuộc nguồn; chỉ lưu bản tóm tắt chuẩn hóa và URL nguồn,approved
SRC_000140,Phường Giảng Võ tổ chức điểm trông giữ xe miễn phí phục vụ nhân dân và du khách tại Đền Voi Phục,https://giangvo.hanoi.gov.vn/thong-tin-cong-khai/to-chuc-diem-trong-giu-xe-mien-phi-phuc-vu-nhan-dan-va-du-khach-thap-phuong-tai-di-tich-den-voi-phuc-dip-tet-nguyen-dan-2808260216100853279.htm,local_government_portal,2026-09-08,Bản quyền thuộc nguồn; chỉ lưu bản tóm tắt chuẩn hóa và URL nguồn,approved
SRC_000141,Giới thiệu về Thăng Long Tứ Trấn - Đền (Đình) Kim Liên,https://vanmieuquoctugiam.hanoi.gov.vn/di-tich-lich-su-va-le-hoi-truyen-thong/gioi-thieu-ve-thang-long-tu-tran-den-dinh-kim-lien-2813260225092339263.htm,local_government_portal,2026-09-08,Bản quyền thuộc nguồn; chỉ lưu bản tóm tắt chuẩn hóa và URL nguồn,approved
SRC_000142,Lễ hội truyền thống Quốc gia đặc biệt Thăng Long tứ trấn - Đền Kim Liên,https://vanmieuquoctugiam.hanoi.gov.vn/di-tich-lich-su-va-le-hoi-truyen-thong/le-hoi-truyen-thong-quoc-gia-dac-biet-thang-long-tu-tran-den-kim-lien-2813260428150319453.htm,local_government_portal,2026-09-08,Bản quyền thuộc nguồn; chỉ lưu bản tóm tắt chuẩn hóa và URL nguồn,approved
SRC_000143,Khai hội đền Kim Liên và đón Bằng xếp hạng Di tích quốc gia đặc biệt,https://thanglong.chinhphu.vn/khai-hoi-den-kim-lien-va-don-bang-xep-hang-di-tich-quoc-gia-dac-biet-103220416124220116.htm,government_news_portal,2026-09-08,Bản quyền thuộc nguồn; chỉ lưu bản tóm tắt chuẩn hóa và URL nguồn,approved
